"lat","lon","end_station_id","endcount","?column?"
42.373268,-71.118579,74,35953,"End"
42.35553628,-71.0728687,58,28632,"End"
42.3581,-71.093198,67,28066,"End"
42.34992828,-71.07739207,36,22211,"End"
42.35204262,-71.0705781,42,22071,"End"
42.36079297,-71.07118962,60,20502,"End"
42.352175,-71.055547,22,18720,"End"
42.35892,-71.057629,23,18636,"End"
42.362811,-71.056067,47,18632,"End"
42.35082681,-71.08981088,53,18570,"End"
42.35991176,-71.05142981,20,18510,"End"
42.354979,-71.063348,54,17479,"End"
42.348762,-71.082383,61,17178,"End"
42.36919032,-71.11714125,97,16586,"End"
42.348706,-71.097009,33,16434,"End"
42.365673,-71.064263,190,16292,"End"
42.356052,-71.069849,120,16269,"End"
42.34740621,-71.08678415,55,15622,"End"
42.36507,-71.1031,68,15391,"End"
42.348717,-71.085954,52,15311,"End"
42.363871,-71.050877,40,14429,"End"
42.34366582,-71.08582377,46,14366,"End"
42.373231,-71.120886,73,13913,"End"
42.371848,-71.060292,98,13856,"End"
42.352409,-71.062679,81,13468,"End"
42.34652004,-71.08065777,21,12143,"End"
42.3722168,-71.12188071,70,11547,"End"
42.36125722,-71.06528744,6,11497,"End"
42.366981,-71.076472,84,11272,"End"
42.350406,-71.108279,10,10594,"End"
42.357143,-71.050699,43,10388,"End"
42.34807412,-71.07657015,16,10065,"End"
42.351146,-71.066289,49,9716,"End"
42.336448,-71.023739,146,9550,"End"
42.358155,-71.052163,151,9519,"End"
42.366426,-71.105495,76,9376,"End"
42.35169202,-71.11903489,9,9111,"End"
42.370677,-71.076529,90,9082,"End"
42.3572185,-71.11387163,105,9044,"End"
42.36242784,-71.08495474,189,8970,"End"
42.344792,-71.044024,163,8776,"End"
42.366277,-71.09169,91,8514,"End"
42.396969,-71.123024,100,8500,"End"
42.36346469,-71.10057324,75,8428,"End"
42.3625,-71.08822,107,8371,"End"
42.35148193,-71.04436085,24,8314,"End"
42.35317809,-71.04817357,157,8209,"End"
42.36041775,-71.05752244,44,7911,"End"
42.352261,-71.123831,41,7857,"End"
42.33624445,-71.08798563,12,7831,"End"
42.36264779,-71.10006094,177,7807,"End"
42.36213123,-71.09115601,80,7806,"End"
42.345392,-71.069616,4,7598,"End"
42.376369,-71.114025,110,7533,"End"
42.35114198,-71.07329249,50,7502,"End"
42.363796,-71.129164,149,7429,"End"
42.35533502,-71.05822917,35,7427,"End"
42.3510045,-71.04930013,64,7281,"End"
42.351356,-71.059367,59,7153,"End"
42.3481,-71.03764,186,6998,"End"
42.335741,-71.03877,119,6948,"End"
42.33758601,-71.09627098,160,6885,"End"
42.35560121,-71.10394478,179,6878,"End"
42.36254854,-71.05737358,369,6860,"End"
42.34465063,-71.09732501,342,6843,"End"
42.372969,-71.094445,95,6421,"End"
42.37967448,-71.09391324,78,6419,"End"
42.341598,-71.123338,69,6374,"End"
42.349496,-71.10057592,227,6366,"End"
42.33595898,-71.046229,121,6335,"End"
42.341814,-71.090179,5,6085,"End"
42.373379,-71.111075,96,6019,"End"
42.351586,-71.04569256,218,5967,"End"
42.3391085,-71.0514432,161,5956,"End"
42.345733,-71.100694,122,5756,"End"
42.369885,-71.069957,143,5719,"End"
42.387995,-71.119084,115,5618,"End"
42.3598254,-71.05979576,206,5592,"End"
42.347241,-71.105301,19,5481,"End"
42.35668335,-71.06166646,374,5421,"End"
42.3385146,-71.07404083,39,5406,"End"
42.35585436,-71.05459746,48,5353,"End"
42.34881026,-71.04167744,31,5340,"End"
42.379011,-71.119945,89,5304,"End"
42.34776345,-71.04535997,65,5272,"End"
42.353334,-71.137313,8,5259,"End"
42.34011512,-71.10061884,3,5034,"End"
42.375603,-71.064608,94,5029,"End"
42.36769018,-71.07116282,182,5019,"End"
42.34157472,-71.0689044,26,4929,"End"
42.338629,-71.1065,11,4926,"End"
42.331184,-71.095171,27,4922,"End"
42.36426344,-71.1182757,17,4873,"End"
42.34369056,-71.10235287,32,4643,"End"
42.35096144,-71.07782811,370,4626,"End"
42.33949454,-71.08020781,57,4601,"End"
42.354659,-71.053181,192,4562,"End"
42.341332,-71.076847,25,4488,"End"
42.36590788,-71.06446669,109,4396,"End"
42.345901,-71.063187,152,4374,"End"
42.36224179,-71.08311072,72,4319,"End"
42.366621,-71.114214,87,4207,"End"
42.36356016,-71.08216792,141,4169,"End"
42.34924377,-71.0972821,361,4105,"End"
42.33462893,-71.10407918,30,3936,"End"
42.377945,-71.116865,108,3886,"End"
42.35339051,-71.0445714,7,3868,"End"
42.34922469,-71.13275303,66,3815,"End"
42.36154571,-71.13776207,15,3690,"End"
42.370803,-71.104412,116,3669,"End"
42.34958942,-71.07946779,372,3641,"End"
42.383405,-71.107593,71,3611,"End"
42.37250865,-71.11305356,221,3602,"End"
42.37842,-71.105668,79,3413,"End"
42.378338,-71.048927,85,3406,"End"
42.36178044,-71.10809952,139,3404,"End"
42.380287,-71.125107,104,3392,"End"
42.36544486,-71.08277142,185,3345,"End"
42.35182807,-71.06781138,345,3315,"End"
42.33741748,-71.10286117,14,3306,"End"
42.309054,-71.11543,124,3249,"End"
42.32293117,-71.10014141,131,3080,"End"
42.35154735,-71.12126246,226,3052,"End"
42.396105,-71.139459,142,3052,"End"
42.36135838,-71.09670274,380,3045,"End"
42.397828,-71.130516,118,3037,"End"
42.310579,-71.107341,133,2963,"End"
42.344796,-71.031614,136,2923,"End"
42.33047365,-71.05701685,113,2921,"End"
42.344137,-71.052608,150,2898,"End"
42.37412455,-71.054812,356,2844,"End"
42.37478629,-71.13320231,180,2818,"End"
42.32176526,-71.10984161,125,2813,"End"
42.3595732,-71.10129476,178,2795,"End"
42.33639915,-71.07306711,13,2787,"End"
42.32033974,-71.05118036,93,2729,"End"
42.36608797,-71.08633604,117,2706,"End"
42.38674802,-71.11901879,176,2693,"End"
42.34619708,-71.10728681,233,2675,"End"
42.36314499,-71.12298574,29,2672,"End"
42.37535497,-71.03133336,214,2591,"End"
42.34894857,-71.15027189,175,2565,"End"
42.35155308,-71.07569031,384,2478,"End"
42.3382668,-71.13894682,82,2450,"End"
42.37150494,-71.07249312,195,2433,"End"
42.37119728,-71.09759867,225,2381,"End"
42.34827839,-71.08044855,352,2361,"End"
42.3334,-71.02495,296,2350,"End"
42.39558846,-71.14260614,183,2340,"End"
42.33274392,-71.11626681,86,2323,"End"
42.35732922,-71.1467354,37,2277,"End"
42.39638681,-71.12011306,328,2274,"End"
42.346563,-71.128374,103,2191,"End"
42.33376473,-71.12046447,193,2181,"End"
42.33509899,-71.07903779,51,2154,"End"
42.38614141,-71.0782814,194,2135,"End"
42.400877,-71.116772,102,2084,"End"
42.35775309,-71.10393405,184,2069,"End"
42.377022,-71.056605,129,2029,"End"
42.34895285,-71.16031677,174,2017,"End"
42.378965,-71.068607,169,1957,"End"
42.3977834,-71.10594004,137,1946,"End"
42.36575798,-71.07699394,144,1931,"End"
42.386844,-71.09812,77,1928,"End"
42.343749,-71.062256,222,1889,"End"
42.388966,-71.132788,140,1886,"End"
42.326599,-71.066498,138,1885,"End"
42.39407224,-71.11133695,239,1860,"End"
42.33658555,-71.09886996,331,1849,"End"
42.38567579,-71.11412136,99,1829,"End"
42.34953017,-71.13022771,332,1818,"End"
42.34521562,-71.06384031,363,1807,"End"
42.34404051,-71.05737627,63,1780,"End"
42.40449,-71.123413,111,1776,"End"
42.37408991,-71.06905997,171,1741,"End"
42.31218918,-71.03648586,92,1740,"End"
42.3636929,-71.0875672,318,1721,"End"
42.317642,-71.056664,167,1699,"End"
42.316966,-71.104374,282,1644,"End"
42.36161932,-71.08043551,228,1643,"End"
42.36884408,-71.03977829,212,1607,"End"
42.37438409,-71.10015746,381,1593,"End"
42.39223284,-71.07746601,236,1591,"End"
42.36489293,-71.03497177,211,1530,"End"
42.38267828,-71.14347895,224,1527,"End"
42.3388956,-71.08149976,364,1496,"End"
42.386781,-71.006098,217,1496,"End"
42.36599433,-71.09522222,335,1486,"End"
42.32760387,-71.1108917,159,1485,"End"
42.36860524,-71.09930186,386,1461,"End"
42.33023071,-71.05060093,362,1438,"End"
42.35057,-71.166491,208,1407,"End"
42.34254914,-71.07421449,379,1327,"End"
42.392766,-71.129042,145,1301,"End"
42.38100143,-71.10402523,330,1301,"End"
42.34278116,-71.05747275,366,1292,"End"
42.3339227,-71.10446509,359,1285,"End"
42.37500235,-71.14871614,333,1245,"End"
42.39108438,-71.09039426,188,1204,"End"
42.37487847,-71.06383499,327,1158,"End"
42.315692,-71.098634,126,1153,"End"
42.300923,-71.114249,273,1137,"End"
42.332817,-71.081198,200,1131,"End"
42.3494261,-71.0620996,365,1126,"End"
42.3602737,-71.12852452,376,1122,"End"
42.38165061,-71.13426982,181,1074,"End"
42.320561,-71.06198,128,1057,"End"
42.32984299,-71.08386572,56,1056,"End"
42.344827,-71.028664,135,1038,"End"
42.34835863,-71.13997217,338,1022,"End"
42.34135616,-71.08336953,404,1017,"End"
42.303469,-71.085347,170,985,"End"
42.33554308,-71.1506152,346,984,"End"
42.3106,-71.0539,173,905,"End"
42.38032335,-71.10878613,378,878,"End"
42.39648358,-71.0654676,390,860,"End"
42.38762811,-71.08318716,235,856,"End"
42.3121203,-71.1142981,357,855,"End"
42.406302,-71.132446,112,844,"End"
42.3951715,-71.09850592,234,779,"End"
42.39044949,-71.1085595,156,768,"End"
42.34954403,-71.07242074,415,765,"End"
42.38042947,-71.06055722,358,742,"End"
42.34734473,-71.10016808,400,739,"End"
42.370744,-71.044201,215,719,"End"
42.39120972,-71.12260755,334,716,"End"
42.36435589,-71.06959369,416,703,"End"
42.31727474,-71.06537004,130,699,"End"
42.380857,-71.070629,280,679,"End"
42.34024645,-71.15168806,344,679,"End"
42.3529457,-71.05656401,426,677,"End"
42.37927325,-71.10341903,377,662,"End"
42.40231703,-71.12671129,114,654,"End"
42.38170676,-71.08377187,329,643,"End"
42.34286835,-71.14127841,354,624,"End"
42.309796,-71.092225,162,614,"End"
42.29266593,-71.12119539,339,609,"End"
42.2996667,-71.0605833,260,609,"End"
42.33664795,-71.0689446,385,606,"End"
42.306539,-71.107669,279,605,"End"
42.35276621,-71.15988486,351,600,"End"
42.33978053,-71.1213335,403,564,"End"
42.3294633,-71.0901582,360,561,"End"
42.34303291,-71.0668873,412,559,"End"
42.34474225,-71.07648162,417,555,"End"
42.369536,-71.039431,213,551,"End"
42.38078817,-71.15412891,371,545,"End"
42.325333,-71.075354,106,542,"End"
42.32784317,-71.12536222,187,539,"End"
42.37331213,-71.04102008,219,533,"End"
42.30785224,-71.06512249,205,525,"End"
42.38353252,-71.01619095,210,520,"End"
42.31869734,-71.06978148,199,494,"End"
42.31787329,-71.08243078,196,489,"End"
42.38952436,-71.1169414,409,483,"End"
42.36550729,-71.0801376,398,482,"End"
42.3936,-71.143941,319,472,"End"
42.379772,-71.027448,209,470,"End"
42.33209606,-71.12845883,191,467,"End"
42.34854543,-71.06559185,399,461,"End"
42.324081,-71.083235,204,461,"End"
42.36955298,-71.08579015,413,456,"End"
42.37207658,-71.08995434,437,447,"End"
42.32143814,-71.09126061,197,428,"End"
42.39329263,-71.0724476,391,412,"End"
42.38393225,-71.13961272,367,375,"End"
42.3983606,-71.06373843,397,366,"End"
42.28297568,-71.05466698,258,364,"End"
42.287072,-71.127754,337,364,"End"
42.38522394,-71.01063069,355,364,"End"
42.38717463,-71.08714389,408,347,"End"
42.309572,-71.0729,203,345,"End"
42.267902,-71.093641,336,343,"End"
42.38240378,-71.03024304,216,340,"End"
42.28630716,-71.12820532,341,332,"End"
42.40615157,-71.06040745,388,329,"End"
42.40933007,-71.06381878,396,322,"End"
42.40725945,-71.05546381,389,296,"End"
42.30791,-71.080952,202,291,"End"
42.34960945,-71.10391524,446,273,"End"
42.36178741,-71.14393111,428,272,"End"
42.30412793,-71.07929528,232,271,"End"
42.316902,-71.091946,201,265,"End"
42.3991826,-71.11104455,101,264,"End"
42.2873611,-71.071111,350,260,"End"
42.2945833,-71.087111,348,259,"End"
42.32538436,-71.12177596,401,246,"End"
42.33833424,-71.1305093,402,235,"End"
42.41427294,-71.04479656,392,233,"End"
42.32039374,-71.05355408,405,217,"End"
42.2856944,-71.0641389,271,205,"End"
42.41143223,-71.06823265,387,202,"End"
42.290333,-71.071806,349,201,"End"
42.28634589,-71.1367213,373,190,"End"
42.29916498,-71.07345872,259,177,"End"
42.40328057,-71.0476264,395,170,"End"
42.2920896,-71.07841156,255,165,"End"
42.39189812,-71.09745376,406,151,"End"
42.30604563,-71.11570891,424,151,"End"
42.38830554,-71.11067977,407,147,"End"
42.292917,-71.06575,272,142,"End"
42.29167943,-71.05726346,410,133,"End"
42.41034691,-71.05260458,394,131,"End"
42.27462067,-71.09372552,340,128,"End"
42.29175622,-71.0625918,411,126,"End"
42.41250451,-71.05842225,393,119,"End"
42.28621295,-71.07942931,347,117,"End"
42.37544913,-71.03918549,419,116,"End"
42.2773889,-71.09325,353,111,"End"
42.28484472,-71.11874517,423,95,"End"
42.35656092,-71.14167538,440,88,"End"
42.27881158,-71.11687703,422,84,"End"
42.36774122,-71.03335975,436,83,"End"
42.29118035,-71.11773666,421,82,"End"
42.38445226,-71.07514855,441,74,"End"
42.39790817,-71.14797131,414,63,"End"
42.28072514,-71.08617242,343,61,"End"
42.33286288,-71.09218862,443,51,"End"
42.28198628,-71.07147925,431,48,"End"
42.28072815,-71.13423757,427,46,"End"
42.27094707,-71.07337901,435,42,"End"
42.31886468,-71.04536798,445,40,"End"
42.29606705,-71.116012,442,39,"End"
42.28633199,-71.15344755,432,38,"End"
42.28277901,-71.15728851,433,36,"End"
42.31930943,-71.09639924,425,25,"End"
42.27748444,-71.16341468,434,19,"End"
42.2771947,-71.06955614,430,14,"End"
